table,rows,row_bytes,f32_slots,file_bytes,datastart,longdata
TentativePlayerParam,2,2112,528,4366,112,True
NpcParam,1232,1920,480,2396305,29632,True
EquipParamWeapon,284,1556,389,449069,6880,True
EquipParamWeapon_Npc,813,1104,276,917154,19576,True
AtkParam_Npc,1748,1040,260,1861685,42016,True
AtkParam_Pc,712,1040,260,757649,17152,True
MovementAcTypeParam,19,964,241,18856,520,True
SpEffectParam,4120,956,239,4037687,98944,True
EquipParamProtector,121,900,225,111990,2968,True
Bullet,568,888,222,518100,13696,True
Bullet_Npc,2539,888,222,2318172,61000,True
FootSfxParam,26,844,211,22654,688,True
GameSystemParam,1,712,178,817,88,True
ThrustersParam_PC,103,700,175,74662,2536,True
MovementEnemyTypeParam,216,688,172,153889,5248,True
NpcEquipPartsParam,137,612,153,87225,3352,True
AttachObj_Npc,29,544,136,16560,760,True
AttachObj_Pc,4,544,136,2360,160,True
BulletShotgunParam_NPC,91,444,111,42680,2248,True
BulletShotgunParam_PC,81,444,111,38000,2008,True
MenuParam,1,424,106,530,88,True
NpcThinkParam,1178,416,104,518407,28336,True
CharaInitParam,802,404,101,343345,19312,True
NetworkParam,1,392,98,497,88,True
PlayerColoringPresetParam,6,392,98,2587,208,True
ThrustersParam_NPC,501,388,97,206503,12088,True
EquipParamBooster,23,384,96,9472,616,True
LockCamParam,98,376,94,39286,2416,True
MissionParam,111,352,88,41912,2728,True
AssetEnvironmentGeometryParam,5116,344,86,1882781,122848,True
EquipParamGenerator,24,340,85,8825,640,True
ThrustersLocomotionParam_PC,74,272,68,22005,1840,True
EnemyCommonParam,1,264,66,370,88,True
GrassTypeParam,51,264,66,14776,1288,True
ChrHitMaterialCheckParam,2,256,64,660,112,True
DamageLevelConvParam,132,256,64,37055,3232,True
LookAtSpineParam,138,256,64,38731,3376,True
DecalParam,248,252,63,68531,6016,True
HitEffectSfxParam,71,240,60,18836,1768,True
BehaviorParam,3069,208,52,712094,73720,True
BehaviorParam_PC,722,208,52,167590,17392,True
DamageLevelConvThresholdParam,57,208,52,13329,1432,True
EquipParamFcs,19,208,52,4492,520,True
GraphicsParam,1,200,50,306,88,True
GarageCameraAnimParam,7,196,49,1636,232,True
ShootReboundParam,51,196,49,11311,1288,True
SpEffectVfxParam,791,196,49,174111,19048,True
OsReinforce,20,172,43,4010,544,True
ChrActTurnParam,258,168,42,49626,6256,True
ChrActTurnParam_Npc,2124,168,42,407898,51040,True
JigglerBaseParam,351,164,41,66078,8488,True
ENAutoRecoveryControlParam,2,160,40,480,112,True
ItemLotParam,291,156,39,52465,7048,True
NetworkMsgParam,55,144,36,9329,1384,True
PartsDrawParam,152,144,36,25624,3712,True
PartsDrawParam_ps4,152,144,36,25624,3712,True
PartsDrawParam_ps5,152,144,36,25624,3712,True
PartsDrawParam_scarlett,152,144,36,25624,3712,True
PartsDrawParam_xb1,152,144,36,25624,3712,True
EquipParamGoods,218,140,35,35841,5296,True
BudgetParam,1,136,34,240,88,True
FootIKSetupParam,86,132,33,13507,2128,True
ReinforceParamWeapon,464,132,33,72478,11200,True
ThrowParam,131,132,33,20519,3208,True
WepAbsorpPosParam,13,132,33,2106,376,True
ArchiveParam,57,128,32,8746,1432,True
AssetMaterialSfxParam,44,128,32,6784,1120,True
AssetModelSfxParam,364,128,32,55421,8800,True
BoostParam,2,128,32,387,112,True
HitEffectSfxConceptParam,64,128,32,9828,1600,True
LoadBalancerDrawDistScaleParam,22,128,32,3451,592,True
LoadBalancerDrawDistScaleParam_ps4,48,128,32,7403,1216,True
LoadBalancerDrawDistScaleParam_ps5,22,128,32,3451,592,True
LoadBalancerDrawDistScaleParam_xb1,46,128,32,7099,1168,True
LoadBalancerDrawDistScaleParam_xb1x,22,128,32,3451,592,True
LoadBalancerDrawDistScaleParam_xss,22,128,32,3451,592,True
LoadBalancerDrawDistScaleParam_xsx,22,128,32,3451,592,True
MailParam,46,128,32,7103,1168,True
RoleParam,33,128,32,5098,856,True
LookAtParam,469,124,31,69497,11320,True
LookAtParam_Npc,993,124,31,147049,23896,True
ActionButtonParam,144,112,28,19674,3520,True
MovementFlyEnemyParam,10,112,28,1435,304,True
MenuPropertySpecParam,508,108,27,67142,12256,True
PartsBreakParam,1,104,26,193,88,True
AttackActionParam_NPC,1371,100,25,170095,32968,True
AttackActionParam_PC,418,100,25,51923,10096,True
EquipParamAccessory,43,100,25,5440,1096,True
ArenaParam,42,96,24,5123,1072,True
HitMtrlParam,45,96,24,5486,1144,True
MaterialExParam,212,96,24,25529,5152,True
PlayRegionParam,6,96,24,809,208,True
ShieldParam_Npc,5,96,24,684,184,True
ShieldParam_Pc,2,96,24,324,112,True
RigidBodyParam,17,88,22,1992,472,True
SubWindowCamParam,2,88,22,316,112,True
PadRumble,174,84,21,18883,4240,True
CalcCorrectGraph,169,80,20,17666,4120,True
GarageCutsceneParam,3,80,20,405,136,True
JigglerBehaviorSlideParam,33,80,20,3532,856,True
KnockBackParam,4,80,20,503,160,True
LoadBalancerParam,33,80,20,3523,856,True
Magic,151,80,20,15787,3688,True
MenuOffscrRendParam,140,80,20,14654,3424,True
CartridgeBehaviorParam,78,72,18,7584,1936,True
ChrProxyPhysicsParam,1,72,18,183,88,True
SoundParam,1,72,18,175,88,True
MovementRideObjParam,3,68,17,344,136,True
ReinforceParamProtector,17,68,17,1646,472,True
AnimMoveCorrectionParam,22,64,16,2034,592,True
BladeHomingAngSpeedParam,177,64,16,15676,4312,True
BladeHomingParam,10,64,16,970,304,True
CylinderParam,95,64,16,8446,2344,True
Depthline,4,64,16,434,160,True
FeFreeDialogParam,31,64,16,2819,808,True
FootIKParam,68,64,16,6069,1696,True
HandIKParam,47,64,16,4221,1192,True
InteractiveSmokeParam,2,64,16,271,112,True
JigglerBehaviorParam,49,64,16,4406,1240,True
JigglerBehaviorTargetBoneRateParam,42,64,16,3807,1072,True
MissionSystemMsgCommonParam,21,64,16,1948,568,True
NpcArenaGameEffectParam,1,64,16,183,88,True
PlayerMaterialPresetParam,46,64,16,4148,1168,True
ReTargetAnimSetParam,35,64,16,3175,904,True
RuntimeSoundParam_Npc,260,64,16,22945,6304,True
RuntimeSoundParam_Pc,165,64,16,14585,4024,True
SoundVoiceBankLoad,66,64,16,5910,1648,True
TalkParam,6013,64,16,529226,144376,True
TankBaseParam,8,64,16,788,256,True
BladeHomingAutoCancelEnableParam,38,60,15,3301,976,True
NpcPartsParam,110,60,15,9327,2704,True
LoadBalancerNewDrawDistScaleParam_ps5,1,56,14,183,88,True
LoadBalancerNewDrawDistScaleParam_xss,1,56,14,183,88,True
LoadBalancerNewDrawDistScaleParam_xsx,1,56,14,183,88,True
PhantomParam,66,56,14,5365,1648,True
CutsceneMapIdParam,74,52,13,5763,1840,True
EquipMtrlSetParam,28,52,13,2220,736,True
MenuFilter,28,52,13,2211,736,True
TankArmourParam,11,52,13,922,328,True
AtkOperationPartsParam,94,48,12,6865,2320,True
LoadBalancerNewDrawDistScaleParam_ps4,14,48,12,1119,400,True
LoadBalancerNewDrawDistScaleParam_win64,14,48,12,1119,400,True
LoadBalancerNewDrawDistScaleParam_xb1,9,48,12,759,280,True
LoadBalancerNewDrawDistScaleParam_xb1x,9,48,12,759,280,True
ObjActParam,55,48,12,4045,1384,True
RagdollParam,24,48,12,1813,640,True
RuntimeSoundExpressionParam_Npc,459,48,12,33154,11080,True
RuntimeSoundExpressionParam_Pc,677,48,12,48850,16312,True
TutorialParam,201,48,12,14558,4888,True
WorldMapLegacyConvParam,106,48,12,7731,2608,True
JumpSpecifyAltParam,35,44,11,2474,904,True
BuoyancyParam,4,40,10,342,160,True
CutsceneGparamWeatherParam,1,40,10,161,88,True
MapAreaParam,25,40,10,1690,664,True
MapPartsParam,1,40,10,143,88,True
SkydomeAssetParam,47,40,10,3099,1192,True
SoundCutsceneParam,105,40,10,6812,2584,True
NpcTransformParam,12,36,9,797,352,True
PlayerWeatheringTexPresetParam,24,36,9,1546,640,True
TankWheelParam,35,36,9,2185,904,True
AiSoundParam,34,32,8,1990,880,True
AtkNpcOperationPartsParam,45,32,8,2621,1144,True
BehaviorChangeStateMatrixParam,227,32,8,12818,5512,True
BonfireWarpParam,15,32,8,930,424,True
BulletCreateLimitParam,2,32,8,209,112,True
CompanyContributePointParam,26,32,8,1557,688,True
CoolTimeParam,40,32,8,2327,1024,True
DefaultKeyAssignParam,84,32,8,4792,2080,True
DefaultKeyAssignParam01,84,32,8,4792,2080,True
DefaultKeyAssignParam02,84,32,8,4792,2080,True
EquipmentLineupParam,318,32,8,17899,7696,True
EquipmentMenuManageCategoryParam,110,32,8,6268,2704,True
FeTextEffectParam,280,32,8,15772,6784,True
GameAreaParam,69,32,8,3951,1720,True
GamePresenceParam,12,32,8,760,352,True
GeneratorTypeSfxIdRplace_PC,30,32,8,1777,784,True
JigglerBehaviorWorldFixParam,4,32,8,328,160,True
KeyAssignDisplayParam,58,32,8,3341,1456,True
LookAtHeadParam,4,32,8,314,160,True
MenuBehaviorParam,31,32,8,1824,808,True
MenuErrorHandlingParam,28,32,8,1661,736,True
MenuPropertyLayoutParam,2512,32,8,140760,60352,True
MultiPlayCorrectionParam,2,32,8,211,112,True
NpcSystemMsgParam,3,32,8,257,136,True
PathFindCostParam,3,32,8,260,136,True
RuntimeSoundGlobalParam,15,32,8,905,424,True
SeMaterialConvertParam,83,32,8,4745,2056,True
SfxModelParam,4,32,8,311,160,True
ShopLineupParam,248,32,8,13974,6016,True
SoundAutoReverbSelectParam,5,32,8,382,184,True
SoundIDSpatialSetting,6,32,8,428,208,True
ThrustersSfxIdParam_NPC,6,32,8,433,208,True
ThrustersSfxIdParam_PC,22,32,8,1329,592,True
WetAspectParam,20,32,8,1208,544,True
WwiseValueToStrParam_ReflectAuxBusType,4,32,8,328,160,True
WwiseValueToStrParam_ReflectTextureType,6,32,8,440,208,True
WwiseValueToStrParam_ReverbAuxBusType,17,32,8,1056,472,True
WwiseValueToStrParam_RuntimeReflectTextureType,100,32,8,5704,2464,True
WwiseValueToStrParam_Switch_AttackPowerType,3,32,8,272,136,True
WwiseValueToStrParam_Switch_BGMStatus,8,32,8,552,256,True
WwiseValueToStrParam_Switch_BulletGenerateType,3,32,8,272,136,True
WwiseValueToStrParam_Switch_DestroyedSeType,37,32,8,2176,952,True
WwiseValueToStrParam_Switch_GeneratorType,3,32,8,272,136,True
WwiseValueToStrParam_Switch_Material,115,32,8,6544,2824,True
WwiseValueToStrParam_Switch_ShootSeCategory,38,32,8,2232,976,True
WwiseValueToStrParam_Switch_WeaponAtkAttribute,6,32,8,440,208,True
WwiseValueToStrParam_Switch_WeaponMaterial,17,32,8,1056,472,True
WwiseValueToStrParam_Switch_Weapon_Type,14,32,8,888,400,True
Zoomblur,7,32,8,473,232,True
KnowledgeLoadScreenItemParam,5,28,7,363,184,True
NpcMaterialParam,417,28,7,21774,10072,True
TankWheelModelParam,85,28,7,4511,2104,True
AssetTranscriptionParam,288,24,6,13921,6976,True
GrassLodRangeParam,15,24,6,813,424,True
MapDefaultInfoParam,1,24,6,138,88,True
MessageBoxParam,141,24,6,6852,3448,True
UnlockParam_DLC,1,24,6,130,88,True
UnlockParam_EmblemPiece,1,24,6,130,88,True
DirectionCameraParam,6,20,5,335,208,True
NpcAiActionParam,126,20,5,5635,3088,True
PartsBreakLotteryParam,8,20,5,449,256,True
PartsTokenParam,95,20,5,4268,2344,True
SoundAutoReverbEvaluationDistParam,6,20,5,375,208,True
AccountParam,181,16,4,7325,4408,True
AutoAssembleEvaluate,20,16,4,885,544,True
EmblemPieceSpec,997,16,4,39969,23992,True
KeyAssignMenuItemParam,24,16,4,1057,640,True
MapGimmickParam,10,16,4,489,304,True
MenuInputGestureParam,175,16,4,7092,4264,True
MercenaryRankTable,16,16,4,733,448,True
MiniAreaParam,2,16,4,167,112,True
MissionSystemMsgAnswerParam,41,16,4,1740,1048,True
NamePlateParam,122,16,4,4964,2992,True
PlayerCamouflagePattern,30,16,4,1303,784,True
PresetEmblemSpec,147,16,4,5969,3592,True
UnlockParam_Archive,4,16,4,250,160,True
UnlockParam_Archive_Logs,50,16,4,2090,1264,True
UnlockParam_Archive_Terms,2,16,4,170,112,True
UnlockParam_Archive_Tips,114,16,4,4650,2800,True
UnlockParam_DecalImage,36,16,4,1530,928,True
UnlockParam_Equipment,24,16,4,1050,640,True
UnlockParam_MenuCommand,22,16,4,970,592,True
UnlockParam_NamePlate_Solo,21,16,4,930,568,True
UnlockParam_NamePlate_Team,21,16,4,930,568,True
UnlockParam_NpAcArena,41,16,4,1730,1048,True
UnlockParam_OsPoint,41,16,4,1730,1048,True
UnlockParam_Trophy,29,16,4,1250,760,True
WhiteSignCoolTimeParam,10,16,4,498,304,True
ChrModelParam,62,12,3,2359,1552,True
CutsceneGparamTimeParam,4,12,3,213,160,True
CutsceneTimezoneConvertParam,7,12,3,324,232,True
MenuValueTableParam,270,12,3,9810,6544,True
TutorialActJudgeParam,31,9,,1118,808,True
OsReinforcePoint,41,8,2,1408,1048,True
CutsceneReplaceSfxParam,38,4,1,1162,976,True
MenuColorTableParam,882,4,1,24790,21232,True
MenuPartsModelRendParam,14,4,1,491,400,True
